[{"account": "thuan123", "password": "123456"}, {"account": "a", "password": "a"}, {"account": "123", "password": "123"}, {"account": "1234", "password": "1234"}, {"account": "asd", "password": "asd"}, {"account": "thuan1234", "password": "123"}, {"account": "thuan12A", "password": "123456"}, {"account": "thuanaaa", "password": "123123"}, {"account": "456", "password": "456"}, {"account": "thuan6", "password": "123123"}, {"account": "a1", "password": "a1"}, {"account": "maithao123", "password": "123123"}, {"account": "thuanahihi", "password": "ahihi"}, {"account": "ngoc", "password": "123123"}, {"account": "12345", "password": "123"}]